vin;duaRegistrationDate
JTMZF33V19D004885;2025-04-14
KMHDH4AE4DU954272;2025-05-20
5NPDH4AEXDH290591;2025-05-23
2T3JF4DV3CW189484;2025-06-06
JTDBT923581231736;2025-06-11
2T3ZF4DV7AW039264;2025-06-13
5J6RE3H36BL058165;2025-07-11
5J6RE3H39AL030908;2025-09-18
5NPD84LF5HH086518;2025-09-29
5NPD74LF0HH200833;2025-10-27
5NPDH4AE9GH705162;2025-11-07
KM8J33A23GU191537;2025-11-10
KM8JUCAC1CU505301;2025-11-28
KM8JU3AG5FU067647;2025-12-09
KM8JUCAC0DU725448;2026-01-14
5NPD84LF1JH252166;2026-03-03
KM8JU3ACXDU575414;2026-03-05
KM8JU3AC9DU628457;2026-03-05
KM8J3CA40GU048997;2026-03-05
KNDJN2A22J7889023;2026-03-27
KM8JU3AC5CU473257;2026-03-27
;
;
;
;
;
;
;
;
;
;
;
;
;
;
;
;
;
;
